{
  "optimization_date": "2025-06-02",
  "ga_config": {
    "period_days": 1,
    "generations": 30,
    "population_size": 30,
    "mutation_rate": 0.12,
    "crossover_rate": 0.75,
    "elite_size": 3,
    "tournament_size": 3,
    "convergence_threshold": 0.01,
    "max_stagnation": 10,
    "fitness_weights": {
      "occupancy": 0.5,
      "waiting_time": 0.35,
      "fuel_efficiency": 0.1,
      "schedule_regularity": 0.05
    }
  },
  "lines_optimized": [
    "101",
    "101-1",
    "102-1",
    "102-2",
    "103-1",
    "103-2",
    "104-1",
    "104-2",
    "105-1",
    "105-2"
  ],
  "schedules_per_line": {
    "101": 36,
    "101-1": 31,
    "102-1": 64,
    "102-2": 61,
    "103-1": 45,
    "103-2": 66,
    "104-1": 41,
    "104-2": 43,
    "105-1": 56,
    "105-2": 69
  },
  "fitness_scores": {
    "101": 0.8121139032132771,
    "101-1": 0.8126430487707956,
    "102-1": 0.8136661767746579,
    "102-2": 0.8169200913514905,
    "103-1": 0.7952699759188713,
    "103-2": 0.7769030479520271,
    "104-1": 0.782156124401152,
    "104-2": 0.7860582415880137,
    "105-1": 0.7604113594079147,
    "105-2": 0.6943000592260712
  }
}